object_id,machine_type,zone,blender_id,game_type,Location,machine
Table_001,Tables,Pit 3,Obj_732,Roulette,324,324
Table_002,Tables,Pit 3,Obj_743,Roulette,332,332
Table_003,Tables,Pit 3,Obj_754,Roulette,333,333
Table_004,Tables,Pit 3,Obj_765,Roulette,322,322
Table_005,Tables,Pit 3,Obj_776,Roulette,323,323
Table_006,Tables,Pit 3,Obj_787,Roulette,321,321
Table_007,Tables,Pit 3,Obj_798,Roulette,318,318
Table_008,Tables,Pit 3,Obj_809,Roulette,320,320
Table_009,Tables,Pit 3,Obj_820,Roulette,317,317
Table_010,Tables,Pit 3,Obj_831,Roulette,319,319
Table_011,Tables,Pit 3,Obj_633,Blackjack,331,331
Table_012,Tables,Pit 3,Obj_644,Blackjack,330,330
Table_013,Tables,Pit 3,Obj_655,Blackjack,329,329
Table_014,Tables,Pit 3,Obj_666,Blackjack,328,328
Table_015,Tables,Pit 3,Obj_721,Blackjack,325,325
Table_016,Tables,Pit 3 Central,Obj_677,Blackjack,349,349
Table_017,Tables,Pit 3 Central,Obj_688,Blackjack,347,347
Table_018,Tables,Pit 3 Central,Obj_699,Blackjack,348,348
Table_019,Tables,Pit 3 Central,Obj_710,Blackjack,346,346
Table_020,Tables,Pit 3 Central,Obj_930,Blackjack,337,337
Table_021,Tables,Pit 3 Central,Obj_941,Blackjack,335,335
Table_022,Tables,Pit 3 Central,Obj_952,Blackjack,336,336
Table_023,Tables,Pit 3 Central,Obj_963,Blackjack,334,334
Table_024,Tables,Pit 3 Central,Obj_974,Blackjack,403,403
Table_025,Tables,Pit 3 Central,Obj_985,Blackjack,401,401
Table_026,Tables,Pit 3 Central,Obj_996,Blackjack,404,404
Table_027,Tables,Pit 3 Central,Obj_1007,Blackjack,402,402
Table_028,Tables,Pit 3 Central,Obj_1018,Blackjack,405,405
Table_029,Tables,Pit 3 Central,Obj_1029,Blackjack,406,406
Table_030,Tables,Pit 3 Central,Obj_842,Roulette,344,344
Table_031,Tables,Pit 3 Central,Obj_853,Roulette,345,345
Table_032,Tables,Pit 3 Central,Obj_864,Roulette,340,340
Table_033,Tables,Pit 3 Central,Obj_875,Roulette,342,342
Table_034,Tables,Pit 3 Central,Obj_886,Roulette,341,341
Table_035,Tables,Pit 3 Central,Obj_897,Roulette,343,343
Table_036,Tables,Pit 3 Central,Obj_908,Roulette,338,338
Table_037,Tables,Pit 3 Central,Obj_919,Roulette,339,339
Table_038,Tables,Pit 4,Obj_1095,Roulette,416,416
Table_039,Tables,Pit 4,Obj_1106,Roulette,415,415
Table_040,Tables,Pit 4,Obj_1117,Roulette,422,422
Table_041,Tables,Pit 4,Obj_1128,Roulette,423,423
Table_042,Tables,Pit 4,Obj_1139,Roulette,424,424
Table_043,Tables,Pit 4,Obj_1150,Roulette,425,425
Table_044,Tables,Pit 4,Obj_1183,Roulette,412,412
Table_045,Tables,Pit 4,Obj_1194,Roulette,411,411
Table_046,Tables,Pit 4,Obj_1205,Roulette,408,408
Table_047,Tables,Pit 4,Obj_1216,Roulette,410,410
Table_048,Tables,Pit 4,Obj_1227,Roulette,407,407
Table_049,Tables,Pit 4,Obj_1238,Roulette,409,409
Table_050,Tables,Pit 4,Obj_1040,Blackjack,419,419
Table_051,Tables,Pit 4,Obj_1051,Blackjack,417,417
Table_052,Tables,Pit 4,Obj_1062,Blackjack,420,420
Table_053,Tables,Pit 4,Obj_1073,Blackjack,418,418
Table_054,Tables,Pit 4,Obj_1084,Blackjack,421,421
Table_055,Tables,Pit 4,Obj_1161,Blackjack,427,427
Table_056,Tables,Pit 4,Obj_1172,Blackjack,426,426
SlotMachine_001,eTGs,Pit 8,Obj_890,Slots,08F2,08F201
SlotMachine_002,eTGs,Pit 8,Obj_892,Slots,08F2,08F202
SlotMachine_003,eTGs,Pit 8,Obj_894,Slots,08F2,08F203
SlotMachine_004,eTGs,Pit 8,Obj_896,Slots,08F2,08F204
SlotMachine_005,eTGs,Pit 8,Obj_899,Slots,08F2,08F205
SlotMachine_006,eTGs,Pit 8,Obj_901,Slots,08F2,08F206
SlotMachine_007,eTGs,Pit 8,Obj_903,Slots,08F2,08F207
SlotMachine_008,eTGs,Pit 8,Obj_905,Slots,08F2,08F208
SlotMachine_009,eTGs,Pit 8,Obj_907,Slots,08F2,08F209
SlotMachine_010,eTGs,Pit 8,Obj_910,Slots,08F2,08F210
Table_057,Tables,Pit 8,Obj_336,Baccarat,821,821
Table_058,Tables,Pit 8,Obj_347,Baccarat,822,822
Table_059,Tables,Pit 8,Obj_358,Baccarat,823,823
Table_060,Tables,Pit 8,Obj_369,Baccarat,824,824
Table_061,Tables,Pit 8,Obj_380,Baccarat,825,825
Table_062,Tables,Pit 8,Obj_391,Baccarat,826,826
Table_063,Tables,Pit 8,Obj_402,Baccarat,827,827
Table_064,Tables,Pit 8,Obj_413,Baccarat,828,828
Table_065,Tables,Pit 8,Obj_424,Baccarat,829,829
Table_066,Tables,Pit 8,Obj_435,Baccarat,830,830
Table_067,Tables,Pit 8,Obj_446,Baccarat,831,831
Table_068,Tables,Pit 8,Obj_457,Baccarat,832,832
Table_069,Tables,Pit 8,Obj_501,Blackjack,803,803
Table_070,Tables,Pit 8,Obj_512,Blackjack,805,805
Table_071,Tables,Pit 8,Obj_523,Blackjack,801,801
Table_072,Tables,Pit 8,Obj_534,Blackjack,804,804
Table_073,Tables,Pit 8,Obj_545,Blackjack,806,806
Table_074,Tables,Pit 8,Obj_556,Blackjack,802,802
SlotMachine_011,eTGs,Stadium,Obj_823,Slots,04F4,04F401
SlotMachine_012,eTGs,Stadium,Obj_825,Slots,04F4,04F402
SlotMachine_013,eTGs,Stadium,Obj_827,Slots,04F4,04F403
SlotMachine_014,eTGs,Stadium,Obj_829,Slots,04F4,04F404
SlotMachine_015,eTGs,Stadium,Obj_832,Slots,04F4,04F405
SlotMachine_016,eTGs,Stadium,Obj_834,Slots,04F4,04F406
SlotMachine_017,eTGs,Stadium,Obj_826,Slots,04F4,04F407
SlotMachine_018,eTGs,Stadium,Obj_840,Slots,04F4,04F408
SlotMachine_019,eTGs,Stadium,Obj_843,Slots,04F4,04F409
SlotMachine_020,eTGs,Stadium,Obj_845,Slots,04F4,04F410
SlotMachine_021,eTGs,Stadium,Obj_847,Slots,04F4,04F411
SlotMachine_022,eTGs,Stadium,Obj_849,Slots,04F4,04F412
SlotMachine_023,eTGs,Stadium,Obj_851,Slots,04F4,04F413
SlotMachine_024,eTGs,Stadium,Obj_854,Slots,04F4,04F414
SlotMachine_025,eTGs,Stadium,Obj_856,Slots,04F4,04F415
SlotMachine_026,eTGs,Stadium,Obj_858,Slots,04F4,04F416
SlotMachine_027,eTGs,Stadium,Obj_860,Slots,04F4,04F417
SlotMachine_028,eTGs,Stadium,Obj_862,Slots,04F4,04F418
SlotMachine_029,eTGs,Stadium,Obj_865,Slots,04F4,04F419
SlotMachine_030,eTGs,Stadium,Obj_867,Slots,04F4,04F420
SlotMachine_031,eTGs,Stadium,Obj_869,Slots,04F4,04F421
SlotMachine_032,eTGs,Stadium,Obj_871,Slots,04F4,04F422
SlotMachine_033,eTGs,Stadium,Obj_873,Slots,04F4,04F423
SlotMachine_034,eTGs,Stadium,Obj_876,Slots,04F4,04F424
SlotMachine_035,eTGs,Stadium,Obj_878,Slots,04F4,04F425
SlotMachine_036,eTGs,Stadium,Obj_880,Slots,04F4,04F426
SlotMachine_037,eTGs,Stadium,Obj_882,Slots,04F4,04F427
SlotMachine_038,eTGs,Stadium,Obj_884,Slots,04F4,04F428
SlotMachine_039,eTGs,Stadium,Obj_887,Slots,04F4,04F429
SlotMachine_040,eTGs,Stadium,Obj_1017,Slots,05F1,05F101
SlotMachine_041,eTGs,Stadium,Obj_1020,Slots,05F1,05F102
SlotMachine_042,eTGs,Stadium,Obj_1022,Slots,05F1,05F103
SlotMachine_043,eTGs,Stadium,Obj_1024,Slots,05F1,05F104
SlotMachine_044,eTGs,Stadium,Obj_1026,Slots,05F1,05F105
SlotMachine_045,eTGs,Stadium,Obj_1028,Slots,05F1,05F106
SlotMachine_046,eTGs,Stadium,Obj_1031,Slots,05F1,05F107
SlotMachine_047,eTGs,Stadium,Obj_1033,Slots,05F1,05F108
SlotMachine_048,eTGs,Stadium,Obj_1035,Slots,05F1,05F109
SlotMachine_049,eTGs,Stadium,Obj_1037,Slots,05F1,05F110
SlotMachine_050,eTGs,Stadium,Obj_1039,Slots,05F1,05F111
SlotMachine_051,eTGs,Stadium,Obj_1042,Slots,05F1,05F112
SlotMachine_052,eTGs,Stadium,Obj_1044,Slots,05F1,05F113
SlotMachine_053,eTGs,Stadium,Obj_1046,Slots,05F1,05F114
SlotMachine_054,eTGs,Stage,Obj_726,Slots,03F5,03F501
SlotMachine_055,eTGs,Stage,Obj_728,Slots,03F5,03F502
SlotMachine_056,eTGs,Stage,Obj_730,Slots,03F5,03F503
SlotMachine_057,eTGs,Stage,Obj_733,Slots,03F5,03F504
SlotMachine_058,eTGs,Stage,Obj_735,Slots,03F5,03F505
SlotMachine_059,eTGs,Stage,Obj_770,Slots,03F5,03F506
SlotMachine_060,eTGs,Stage,Obj_772,Slots,03F5,03F507
SlotMachine_061,eTGs,Stage,Obj_774,Slots,03F5,03F508
SlotMachine_062,eTGs,Stage,Obj_777,Slots,03F5,03F509
SlotMachine_063,eTGs,Stage,Obj_779,Slots,03F5,03F510
SlotMachine_064,eTGs,Stage,Obj_801,Slots,03F5,03F511
SlotMachine_065,eTGs,Stage,Obj_803,Slots,03F5,03F512
SlotMachine_066,eTGs,Stage,Obj_805,Slots,03F5,03F513
SlotMachine_067,eTGs,Stage,Obj_717,Slots,03F5,03F514
SlotMachine_068,eTGs,Stage,Obj_719,Slots,03F5,03F515
SlotMachine_069,eTGs,Stage,Obj_722,Slots,03F5,03F516
SlotMachine_070,eTGs,Stage,Obj_724,Slots,03F5,03F517
SlotMachine_071,eTGs,Stage,Obj_759,Slots,03F5,03F518
SlotMachine_072,eTGs,Stage,Obj_761,Slots,03F5,03F519
SlotMachine_073,eTGs,Stage,Obj_763,Slots,03F5,03F520
SlotMachine_074,eTGs,Stage,Obj_766,Slots,03F5,03F521
SlotMachine_075,eTGs,Stage,Obj_768,Slots,03F5,03F522
SlotMachine_076,eTGs,Stage,Obj_794,Slots,03F5,03F523
SlotMachine_077,eTGs,Stage,Obj_796,Slots,03F5,03F524
SlotMachine_078,eTGs,Stage,Obj_799,Slots,03F5,03F525
SlotMachine_079,eTGs,Stage,Obj_715,Slots,03F5,03F526
SlotMachine_080,eTGs,Stage,Obj_704,Slots,03F5,03F527
SlotMachine_081,eTGs,Stage,Obj_706,Slots,03F5,03F528
SlotMachine_082,eTGs,Stage,Obj_708,Slots,03F5,03F529
SlotMachine_083,eTGs,Stage,Obj_711,Slots,03F5,03F530
SlotMachine_084,eTGs,Stage,Obj_713,Slots,03F5,03F531
SlotMachine_085,eTGs,Stage,Obj_748,Slots,03F5,03F532
SlotMachine_086,eTGs,Stage,Obj_750,Slots,03F5,03F533
SlotMachine_087,eTGs,Stage,Obj_752,Slots,03F5,03F534
SlotMachine_088,eTGs,Stage,Obj_755,Slots,03F5,03F535
SlotMachine_089,eTGs,Stage,Obj_757,Slots,03F5,03F536
SlotMachine_090,eTGs,Stage,Obj_788,Slots,03F5,03F537
SlotMachine_091,eTGs,Stage,Obj_790,Slots,03F5,03F538
SlotMachine_092,eTGs,Stage,Obj_792,Slots,03F5,03F539
SlotMachine_093,eTGs,Stage,Obj_693,Slots,03F5,03F540
SlotMachine_094,eTGs,Stage,Obj_695,Slots,03F5,03F541
SlotMachine_095,eTGs,Stage,Obj_697,Slots,03F5,03F542
SlotMachine_096,eTGs,Stage,Obj_700,Slots,03F5,03F543
SlotMachine_097,eTGs,Stage,Obj_702,Slots,03F5,03F544
SlotMachine_098,eTGs,Stage,Obj_737,Slots,03F5,03F545
SlotMachine_099,eTGs,Stage,Obj_739,Slots,03F5,03F546
SlotMachine_100,eTGs,Stage,Obj_741,Slots,03F5,03F547
SlotMachine_101,eTGs,Stage,Obj_744,Slots,03F5,03F548
SlotMachine_102,eTGs,Stage,Obj_746,Slots,03F5,03F549
SlotMachine_103,eTGs,Stage,Obj_781,Slots,03F5,03F550
SlotMachine_104,eTGs,Stage,Obj_783,Slots,03F5,03F551
SlotMachine_105,eTGs,Stage,Obj_785,Slots,03F5,03F552
SlotMachine_106,eTGs,Stage,Obj_807,Slots,03F5,03F553
SlotMachine_107,eTGs,Stage,Obj_810,Slots,03F5,03F554
SlotMachine_108,eTGs,Stage,Obj_812,Slots,03F5,03F555
SlotMachine_109,eTGs,Stage,Obj_814,Slots,03F5,03F556
SlotMachine_110,eTGs,Stage,Obj_818,Slots,03F5,03F557
SlotMachine_111,eTGs,Stage,Obj_821,Slots,03F5,03F558
SlotMachine_112,Classic,Zone A,Obj_1905,Slots,EE95,EE9501
SlotMachine_113,Classic,Zone A,Obj_1906,Slots,EE95,EE9502
SlotMachine_114,Classic,Zone A,Obj_1909,Slots,EE95,EE9503
SlotMachine_115,Classic,Zone A,Obj_1910,Slots,EE95,EE9504
SlotMachine_116,Classic,Zone A,Obj_1921,Slots,EE95,EE9505
SlotMachine_117,Classic,Zone A,Obj_1925,Slots,EE94,EE9401
SlotMachine_118,Classic,Zone A,Obj_1926,Slots,EE94,EE9402
SlotMachine_119,Classic,Zone A,Obj_1929,Slots,EE94,EE9403
SlotMachine_120,Classic,Zone A,Obj_1930,Slots,EE94,EE9404
SlotMachine_121,Classic,Zone A,Obj_1941,Slots,EE94,EE9405
SlotMachine_122,Classic,Zone A,Obj_1945,Slots,EE92,EE9201
SlotMachine_123,Classic,Zone A,Obj_1946,Slots,EE92,EE9202
SlotMachine_124,Classic,Zone A,Obj_1949,Slots,EE92,EE9203
SlotMachine_125,Classic,Zone A,Obj_1950,Slots,EE92,EE9204
SlotMachine_126,Classic,Zone A,Obj_1961,Slots,EE92,EE9205
SlotMachine_127,Classic,Zone A,Obj_1965,Slots,EE90,EE9001
SlotMachine_128,Classic,Zone A,Obj_1966,Slots,EE90,EE9002
SlotMachine_129,Classic,Zone A,Obj_1969,Slots,EE90,EE9003
SlotMachine_130,Classic,Zone A,Obj_1970,Slots,EE90,EE9004
SlotMachine_131,Classic,Zone A,Obj_1981,Slots,EE90,EE9005
SlotMachine_132,Classic,Zone A,Obj_1985,Slots,EE93,EE9301
SlotMachine_133,Classic,Zone A,Obj_1986,Slots,EE93,EE9302
SlotMachine_134,Classic,Zone A,Obj_1989,Slots,EE93,EE9303
SlotMachine_135,Classic,Zone A,Obj_1990,Slots,EE93,EE9304
SlotMachine_136,Classic,Zone A,Obj_2001,Slots,EE93,EE9305
SlotMachine_137,Classic,Zone A,Obj_2005,Slots,EE91,EE9101
SlotMachine_138,Classic,Zone A,Obj_2006,Slots,EE91,EE9102
SlotMachine_139,Classic,Zone A,Obj_2009,Slots,EE91,EE9103
SlotMachine_140,Classic,Zone A,Obj_2010,Slots,EE91,EE9104
SlotMachine_141,Classic,Zone A,Obj_2021,Slots,EE91,EE9105
SlotMachine_142,Classic,Zone A,Obj_1913,Slots,EE95,EE9506
SlotMachine_143,Classic,Zone A,Obj_1914,Slots,EE95,EE9507
SlotMachine_144,Classic,Zone A,Obj_1917,Slots,EE95,EE9508
SlotMachine_145,Classic,Zone A,Obj_1918,Slots,EE95,EE9509
SlotMachine_146,Classic,Zone A,Obj_1923,Slots,EE95,EE9510
SlotMachine_147,Classic,Zone A,Obj_1933,Slots,EE94,EE9406
SlotMachine_148,Classic,Zone A,Obj_1934,Slots,EE94,EE9407
SlotMachine_149,Classic,Zone A,Obj_1937,Slots,EE94,EE9408
SlotMachine_150,Classic,Zone A,Obj_1938,Slots,EE94,EE9409
SlotMachine_151,Classic,Zone A,Obj_1943,Slots,EE94,EE9410
SlotMachine_152,Classic,Zone A,Obj_1953,Slots,EE92,EE9206
SlotMachine_153,Classic,Zone A,Obj_1954,Slots,EE92,EE9207
SlotMachine_154,Classic,Zone A,Obj_1957,Slots,EE92,EE9208
SlotMachine_155,Classic,Zone A,Obj_1958,Slots,EE92,EE9209
SlotMachine_156,Classic,Zone A,Obj_1963,Slots,EE92,EE9210
SlotMachine_157,Classic,Zone A,Obj_1973,Slots,EE90,EE9006
SlotMachine_158,Classic,Zone A,Obj_1974,Slots,EE90,EE9007
SlotMachine_159,Classic,Zone A,Obj_1977,Slots,EE90,EE9008
SlotMachine_160,Classic,Zone A,Obj_1978,Slots,EE90,EE9009
SlotMachine_161,Classic,Zone A,Obj_1983,Slots,EE90,EE9010
SlotMachine_162,Classic,Zone A,Obj_1993,Slots,EE93,EE9306
SlotMachine_163,Classic,Zone A,Obj_1994,Slots,EE93,EE9307
SlotMachine_164,Classic,Zone A,Obj_1997,Slots,EE93,EE9308
SlotMachine_165,Classic,Zone A,Obj_1998,Slots,EE93,EE9309
SlotMachine_166,Classic,Zone A,Obj_2003,Slots,EE93,EE9310
SlotMachine_167,Classic,Zone A,Obj_2013,Slots,EE91,EE9106
SlotMachine_168,Classic,Zone A,Obj_2014,Slots,EE91,EE9107
SlotMachine_169,Classic,Zone A,Obj_2017,Slots,EE91,EE9108
SlotMachine_170,Classic,Zone A,Obj_2018,Slots,EE91,EE9109
SlotMachine_171,Classic,Zone A,Obj_2023,Slots,EE91,EE9110
SlotMachine_172,Round Banks,Zone A,Obj_972,Slots,EE80,EE8001
SlotMachine_173,Round Banks,Zone A,Obj_975,Slots,EE80,EE8002
SlotMachine_174,Round Banks,Zone A,Obj_977,Slots,EE80,EE8003
SlotMachine_175,Round Banks,Zone A,Obj_979,Slots,EE80,EE8004
SlotMachine_176,Round Banks,Zone A,Obj_981,Slots,EE80,EE8005
SlotMachine_177,Round Banks,Zone A,Obj_984,Slots,EE81,EE8101
SlotMachine_178,Round Banks,Zone A,Obj_987,Slots,EE81,EE8102
SlotMachine_179,Round Banks,Zone A,Obj_989,Slots,EE81,EE8103
SlotMachine_180,Round Banks,Zone A,Obj_991,Slots,EE81,EE8104
SlotMachine_181,Round Banks,Zone A,Obj_993,Slots,EE81,EE8105
SlotMachine_182,Round Banks,Zone A,Obj_681,Slots,EE84,EE8401
SlotMachine_183,Round Banks,Zone A,Obj_683,Slots,EE84,EE8402
SlotMachine_184,Round Banks,Zone A,Obj_685,Slots,EE84,EE8403
SlotMachine_185,Round Banks,Zone A,Obj_687,Slots,EE84,EE8404
SlotMachine_186,Round Banks,Zone A,Obj_690,Slots,EE84,EE8405
SlotMachine_187,Round Banks,Zone A,Obj_692,Slots,EE84,EE8406
SlotMachine_188,Round Banks,Zone A,Obj_913,Slots,EE82,EE8201
SlotMachine_189,Round Banks,Zone A,Obj_915,Slots,EE82,EE8202
SlotMachine_190,Round Banks,Zone A,Obj_917,Slots,EE82,EE8203
SlotMachine_191,Round Banks,Zone A,Obj_920,Slots,EE82,EE8204
SlotMachine_192,Round Banks,Zone A,Obj_923,Slots,EE83,EE8301
SlotMachine_193,Round Banks,Zone A,Obj_925,Slots,EE83,EE8302
SlotMachine_194,Round Banks,Zone A,Obj_927,Slots,EE83,EE8303
SlotMachine_195,Round Banks,Zone A,Obj_929,Slots,EE83,EE8304
SlotMachine_196,Round Banks,Zone A,Obj_933,Slots,EE85,EE8501
SlotMachine_197,Round Banks,Zone A,Obj_935,Slots,EE85,EE8502
SlotMachine_198,Round Banks,Zone A,Obj_937,Slots,EE85,EE8503
SlotMachine_199,Round Banks,Zone A,Obj_939,Slots,EE85,EE8504
SlotMachine_200,Round Banks,Zone A,Obj_997,Slots,EE87,EE8701
SlotMachine_201,Round Banks,Zone A,Obj_999,Slots,EE87,EE8702
SlotMachine_202,Round Banks,Zone A,Obj_1001,Slots,EE87,EE8703
SlotMachine_203,Round Banks,Zone A,Obj_1003,Slots,EE87,EE8704
SlotMachine_204,Round Banks,Zone A,Obj_1005,Slots,EE87,EE8705
SlotMachine_205,Classic,Zone B,Obj_103,Slots,EE22,EE2201
SlotMachine_206,Classic,Zone B,Obj_302,Slots,EE22,EE2202
SlotMachine_207,Classic,Zone B,Obj_105,Slots,EE22,EE2203
SlotMachine_208,Classic,Zone B,Obj_305,Slots,EE22,EE2204
SlotMachine_209,Classic,Zone B,Obj_2025,Slots,EE24,EE2401
SlotMachine_210,Classic,Zone B,Obj_2026,Slots,EE24,EE2402
SlotMachine_211,Classic,Zone B,Obj_2029,Slots,EE24,EE2403
SlotMachine_212,Classic,Zone B,Obj_2030,Slots,EE24,EE2404
SlotMachine_213,Classic,Zone B,Obj_2041,Slots,EE24,EE2405
SlotMachine_214,Classic,Zone B,Obj_2033,Slots,EE24,EE2406
SlotMachine_215,Classic,Zone B,Obj_2034,Slots,EE24,EE2407
SlotMachine_216,Classic,Zone B,Obj_2037,Slots,EE24,EE2408
SlotMachine_217,Classic,Zone B,Obj_2038,Slots,EE24,EE2409
SlotMachine_218,Classic,Zone B,Obj_2043,Slots,EE24,EE2410
SlotMachine_219,Classic,Zone B,Obj_2045,Slots,EE23,EE2301
SlotMachine_220,Classic,Zone B,Obj_2046,Slots,EE23,EE2302
SlotMachine_221,Classic,Zone B,Obj_2049,Slots,EE23,EE2303
SlotMachine_222,Classic,Zone B,Obj_2050,Slots,EE23,EE2304
SlotMachine_223,Classic,Zone B,Obj_2061,Slots,EE23,EE2305
SlotMachine_224,Classic,Zone B,Obj_2053,Slots,EE23,EE2306
SlotMachine_225,Classic,Zone B,Obj_2054,Slots,EE23,EE2307
SlotMachine_226,Classic,Zone B,Obj_2057,Slots,EE23,EE2308
SlotMachine_227,Classic,Zone B,Obj_2058,Slots,EE23,EE2309
SlotMachine_228,Classic,Zone B,Obj_2063,Slots,EE23,EE2310
SlotMachine_229,Classic,Zone B,Obj_2065,Slots,EE21,EE2101
SlotMachine_230,Classic,Zone B,Obj_2066,Slots,EE21,EE2102
SlotMachine_231,Classic,Zone B,Obj_2069,Slots,EE21,EE2103
SlotMachine_232,Classic,Zone B,Obj_2070,Slots,EE21,EE2104
SlotMachine_233,Classic,Zone B,Obj_2081,Slots,EE21,EE2105
SlotMachine_234,Classic,Zone B,Obj_2073,Slots,EE21,EE2106
SlotMachine_235,Classic,Zone B,Obj_2074,Slots,EE21,EE2107
SlotMachine_236,Classic,Zone B,Obj_2077,Slots,EE21,EE2108
SlotMachine_237,Classic,Zone B,Obj_2078,Slots,EE21,EE2109
SlotMachine_238,Classic,Zone B,Obj_2083,Slots,EE21,EE2110
SlotMachine_239,Classic,Zone B,Obj_2085,Slots,EE22,EE2205
SlotMachine_240,Classic,Zone B,Obj_2086,Slots,EE22,EE2206
SlotMachine_241,Classic,Zone B,Obj_2089,Slots,EE22,EE2207
SlotMachine_242,Classic,Zone B,Obj_2090,Slots,EE22,EE2208
SlotMachine_243,Classic,Zone B,Obj_2093,Slots,EE22,EE2209
SlotMachine_244,Classic,Zone B,Obj_2094,Slots,EE22,EE2210
SlotMachine_245,Classic,Zone B,Obj_2097,Slots,EE22,EE2211
SlotMachine_246,Classic,Zone B,Obj_2098,Slots,EE22,EE2212
SlotMachine_247,Classic,Zone B,Obj_107,Slots,EE09,EE0901
SlotMachine_248,Classic,Zone B,Obj_108,Slots,EE09,EE0902
SlotMachine_249,Classic,Zone B,Obj_116,Slots,EE09,EE0903
SlotMachine_250,Classic,Zone B,Obj_117,Slots,EE09,EE0904
SlotMachine_251,Classic,Zone B,Obj_239,Slots,EE09,EE0905
SlotMachine_252,Classic,Zone B,Obj_111,Slots,EE08,EE0801
SlotMachine_253,Classic,Zone B,Obj_112,Slots,EE08,EE0802
SlotMachine_254,Classic,Zone B,Obj_125,Slots,EE08,EE0803
SlotMachine_255,Classic,Zone B,Obj_120,Slots,EE08,EE0804
SlotMachine_256,Classic,Zone B,Obj_121,Slots,EE08,EE0805
SlotMachine_257,Classic,Zone B,Obj_127,Slots,EE08,EE0806
SlotMachine_258,Classic,Zone B,Obj_236,Slots,EE09,EE0906
SlotMachine_259,Classic,Zone B,Obj_241,Slots,EE13,EE1301
SlotMachine_260,Classic,Zone B,Obj_242,Slots,EE13,EE1302
SlotMachine_261,Classic,Zone B,Obj_245,Slots,EE13,EE1303
SlotMachine_262,Classic,Zone B,Obj_246,Slots,EE13,EE1304
SlotMachine_263,Classic,Zone B,Obj_250,Slots,EE13,EE1305
SlotMachine_264,Classic,Zone B,Obj_251,Slots,EE13,EE1306
SlotMachine_265,Classic,Zone B,Obj_267,Slots,EE13,EE1307
SlotMachine_266,Classic,Zone B,Obj_254,Slots,EE13,EE1308
SlotMachine_267,Classic,Zone B,Obj_255,Slots,EE13,EE1309
SlotMachine_268,Classic,Zone B,Obj_258,Slots,EE13,EE1310
SlotMachine_269,Classic,Zone B,Obj_260,Slots,EE13,EE1311
SlotMachine_270,Classic,Zone B,Obj_263,Slots,EE13,EE1312
SlotMachine_271,Classic,Zone B,Obj_264,Slots,EE13,EE1313
SlotMachine_272,Classic,Zone B,Obj_269,Slots,EE13,EE1314
SlotMachine_273,Classic,Zone B,Obj_272,Slots,EE14,EE1401
SlotMachine_274,Classic,Zone B,Obj_273,Slots,EE14,EE1402
SlotMachine_275,Classic,Zone B,Obj_276,Slots,EE14,EE1403
SlotMachine_276,Classic,Zone B,Obj_277,Slots,EE14,EE1404
SlotMachine_277,Classic,Zone B,Obj_280,Slots,EE14,EE1405
SlotMachine_278,Classic,Zone B,Obj_282,Slots,EE14,EE1406
SlotMachine_279,Classic,Zone B,Obj_298,Slots,EE14,EE1407
SlotMachine_280,Classic,Zone B,Obj_285,Slots,EE14,EE1408
SlotMachine_281,Classic,Zone B,Obj_286,Slots,EE14,EE1409
SlotMachine_282,Classic,Zone B,Obj_289,Slots,EE14,EE1410
SlotMachine_283,Classic,Zone B,Obj_290,Slots,EE14,EE1411
SlotMachine_284,Classic,Zone B,Obj_294,Slots,EE14,EE1412
SlotMachine_285,Classic,Zone B,Obj_295,Slots,EE14,EE1413
SlotMachine_286,Classic,Zone B,Obj_300,Slots,EE14,EE1414
SlotMachine_287,Classic,Zone B,Obj_562,Slots,EE15,EE1501
SlotMachine_288,Classic,Zone B,Obj_563,Slots,EE15,EE1502
SlotMachine_289,Classic,Zone B,Obj_566,Slots,EE15,EE1503
SlotMachine_290,Classic,Zone B,Obj_568,Slots,EE15,EE1504
SlotMachine_291,Classic,Zone B,Obj_571,Slots,EE15,EE1505
SlotMachine_292,Classic,Zone B,Obj_572,Slots,EE15,EE1506
SlotMachine_293,Classic,Zone B,Obj_588,Slots,EE15,EE1507
SlotMachine_294,Classic,Zone B,Obj_575,Slots,EE15,EE1508
SlotMachine_295,Classic,Zone B,Obj_576,Slots,EE15,EE1509
SlotMachine_296,Classic,Zone B,Obj_580,Slots,EE15,EE1510
SlotMachine_297,Classic,Zone B,Obj_581,Slots,EE15,EE1511
SlotMachine_298,Classic,Zone B,Obj_584,Slots,EE15,EE1512
SlotMachine_299,Classic,Zone B,Obj_585,Slots,EE15,EE1513
SlotMachine_300,Classic,Zone B,Obj_591,Slots,EE15,EE1514
SlotMachine_301,Classic,Zone B,Obj_624,Slots,EE05,EE0501
SlotMachine_302,Classic,Zone B,Obj_625,Slots,EE05,EE0502
SlotMachine_303,Classic,Zone B,Obj_628,Slots,EE05,EE0503
SlotMachine_304,Classic,Zone B,Obj_629,Slots,EE05,EE0504
SlotMachine_305,Classic,Zone B,Obj_632,Slots,EE05,EE0505
SlotMachine_306,Classic,Zone B,Obj_634,Slots,EE05,EE0506
SlotMachine_307,Classic,Zone B,Obj_593,Slots,EE02,EE0201
SlotMachine_308,Classic,Zone B,Obj_594,Slots,EE02,EE0202
SlotMachine_309,Classic,Zone B,Obj_597,Slots,EE02,EE0203
SlotMachine_310,Classic,Zone B,Obj_598,Slots,EE02,EE0204
SlotMachine_311,Classic,Zone B,Obj_602,Slots,EE02,EE0205
SlotMachine_312,Classic,Zone B,Obj_603,Slots,EE02,EE0206
SlotMachine_313,Classic,Zone B,Obj_606,Slots,EE02,EE0207
SlotMachine_314,Classic,Zone B,Obj_608,Slots,EE02,EE0208
SlotMachine_315,Classic,Zone B,Obj_609,Slots,EE02,EE0209
SlotMachine_316,Classic,Zone B,Obj_613,Slots,EE02,EE0210
SlotMachine_317,Classic,Zone B,Obj_614,Slots,EE02,EE0211
SlotMachine_318,Classic,Zone B,Obj_617,Slots,EE02,EE0212
SlotMachine_319,Classic,Zone B,Obj_618,Slots,EE02,EE0213
SlotMachine_320,Classic,Zone B,Obj_621,Slots,EE02,EE0214
SlotMachine_321,Classic,Zone B,Obj_643,Slots,EE01,EE0101
SlotMachine_322,Classic,Zone B,Obj_645,Slots,EE01,EE0102
SlotMachine_323,Classic,Zone B,Obj_648,Slots,EE01,EE0103
SlotMachine_324,Classic,Zone C,Obj_434,Slots,EE43,EE4301
SlotMachine_325,Classic,Zone C,Obj_436,Slots,EE43,EE4302
SlotMachine_326,Classic,Zone C,Obj_439,Slots,EE43,EE4303
SlotMachine_327,Classic,Zone C,Obj_440,Slots,EE43,EE4304
SlotMachine_328,Classic,Zone C,Obj_452,Slots,EE43,EE4305
SlotMachine_329,Classic,Zone C,Obj_456,Slots,EE30,EE3001
SlotMachine_330,Classic,Zone C,Obj_458,Slots,EE30,EE3002
SlotMachine_331,Classic,Zone C,Obj_461,Slots,EE30,EE3003
SlotMachine_332,Classic,Zone C,Obj_462,Slots,EE30,EE3004
SlotMachine_333,Classic,Zone C,Obj_474,Slots,EE45,EE4501
SlotMachine_334,Classic,Zone C,Obj_475,Slots,EE45,EE4502
SlotMachine_335,Classic,Zone C,Obj_478,Slots,EE45,EE4503
SlotMachine_336,Classic,Zone C,Obj_480,Slots,EE45,EE4504
SlotMachine_337,Classic,Zone C,Obj_492,Slots,EE45,EE4505
SlotMachine_338,Classic,Zone C,Obj_496,Slots,EE42,EE4201
SlotMachine_339,Classic,Zone C,Obj_497,Slots,EE42,EE4202
SlotMachine_340,Classic,Zone C,Obj_500,Slots,EE42,EE4203
SlotMachine_341,Classic,Zone C,Obj_509,Slots,EE48,EE4801
SlotMachine_342,Classic,Zone C,Obj_510,Slots,EE48,EE4802
SlotMachine_343,Classic,Zone C,Obj_514,Slots,EE48,EE4803
SlotMachine_344,Classic,Zone C,Obj_522,Slots,EE49,EE4901
SlotMachine_345,Classic,Zone C,Obj_524,Slots,EE49,EE4902
SlotMachine_346,Classic,Zone C,Obj_527,Slots,EE49,EE4903
SlotMachine_347,Classic,Zone C,Obj_536,Slots,EE47,EE4701
SlotMachine_348,Classic,Zone C,Obj_537,Slots,EE47,EE4702
SlotMachine_349,Classic,Zone C,Obj_540,Slots,EE47,EE4703
SlotMachine_350,Classic,Zone C,Obj_549,Slots,EE46,EE4601
SlotMachine_351,Classic,Zone C,Obj_550,Slots,EE46,EE4602
SlotMachine_352,Classic,Zone C,Obj_553,Slots,EE46,EE4603
SlotMachine_353,Classic,Zone C,Obj_650,Slots,EE33,EE3301
SlotMachine_354,Classic,Zone C,Obj_651,Slots,EE33,EE3302
SlotMachine_355,Classic,Zone C,Obj_654,Slots,EE33,EE3303
SlotMachine_356,Classic,Zone C,Obj_656,Slots,EE33,EE3304
SlotMachine_357,Classic,Zone C,Obj_659,Slots,EE33,EE3305
SlotMachine_358,Classic,Zone C,Obj_660,Slots,EE33,EE3306
SlotMachine_359,Classic,Zone C,Obj_663,Slots,EE31,EE3101
SlotMachine_360,Classic,Zone C,Obj_664,Slots,EE31,EE3102
SlotMachine_361,Classic,Zone C,Obj_668,Slots,EE31,EE3103
SlotMachine_362,Classic,Zone C,Obj_669,Slots,EE31,EE3104
SlotMachine_363,Classic,Zone C,Obj_672,Slots,EE31,EE3105
SlotMachine_364,Classic,Zone C,Obj_421,Slots,EE44,EE4401
SlotMachine_365,Classic,Zone C,Obj_422,Slots,EE44,EE4402
SlotMachine_366,Classic,Zone C,Obj_426,Slots,EE44,EE4403
SlotMachine_367,Classic,Zone C,Obj_427,Slots,EE44,EE4404
SlotMachine_368,Classic,Zone C,Obj_432,Slots,EE44,EE4405
SlotMachine_369,Classic,Zone C,Obj_443,Slots,EE43,EE4306
SlotMachine_370,Classic,Zone C,Obj_444,Slots,EE43,EE4307
SlotMachine_371,Classic,Zone C,Obj_448,Slots,EE43,EE4308
SlotMachine_372,Classic,Zone C,Obj_449,Slots,EE43,EE4309
SlotMachine_373,Classic,Zone C,Obj_454,Slots,EE43,EE4310
SlotMachine_374,Classic,Zone C,Obj_465,Slots,EE30,EE3005
SlotMachine_375,Classic,Zone C,Obj_466,Slots,EE30,EE3006
SlotMachine_376,Classic,Zone C,Obj_470,Slots,EE30,EE3007
SlotMachine_377,Classic,Zone C,Obj_471,Slots,EE30,EE3008
SlotMachine_378,Classic,Zone C,Obj_483,Slots,EE45,EE4506
SlotMachine_379,Classic,Zone C,Obj_484,Slots,EE45,EE4507
SlotMachine_380,Classic,Zone C,Obj_487,Slots,EE45,EE4508
SlotMachine_381,Classic,Zone C,Obj_488,Slots,EE45,EE4509
SlotMachine_382,Classic,Zone C,Obj_679,Slots,EE32,EE3201
SlotMachine_383,Classic,Zone C,Obj_494,Slots,EE45,EE4510
SlotMachine_384,Classic,Zone C,Obj_503,Slots,EE42,EE4204
SlotMachine_385,Classic,Zone C,Obj_504,Slots,EE42,EE4205
SlotMachine_386,Classic,Zone C,Obj_507,Slots,EE42,EE4206
SlotMachine_387,Classic,Zone C,Obj_516,Slots,EE48,EE4804
SlotMachine_388,Classic,Zone C,Obj_406,Slots,EE40,EE4001
SlotMachine_389,Classic,Zone C,Obj_407,Slots,EE40,EE4002
SlotMachine_390,Classic,Zone C,Obj_410,Slots,EE40,EE4003
SlotMachine_391,Classic,Zone C,Obj_517,Slots,EE48,EE4805
SlotMachine_392,Classic,Zone C,Obj_520,Slots,EE48,EE4806
SlotMachine_393,Classic,Zone C,Obj_674,Slots,EE32,EE3202
SlotMachine_394,Classic,Zone C,Obj_675,Slots,EE32,EE3203
SlotMachine_395,Classic,Zone C,Obj_529,Slots,EE49,EE4904
SlotMachine_396,Classic,Zone C,Obj_530,Slots,EE49,EE4905
SlotMachine_397,Classic,Zone C,Obj_533,Slots,EE49,EE4906
SlotMachine_398,Classic,Zone C,Obj_399,Slots,EE37,EE3701
SlotMachine_399,Classic,Zone C,Obj_542,Slots,EE47,EE4704
SlotMachine_400,Classic,Zone C,Obj_543,Slots,EE47,EE4705
SlotMachine_401,Classic,Zone C,Obj_547,Slots,EE47,EE4706
SlotMachine_402,Classic,Zone C,Obj_386,Slots,EE38,EE3801
SlotMachine_403,Classic,Zone C,Obj_393,Slots,EE37,EE3702
SlotMachine_404,Classic,Zone C,Obj_555,Slots,EE46,EE4604
SlotMachine_405,Classic,Zone C,Obj_394,Slots,EE37,EE3703
SlotMachine_406,Classic,Zone C,Obj_557,Slots,EE46,EE4605
SlotMachine_407,Classic,Zone C,Obj_560,Slots,EE46,EE4606
SlotMachine_408,Classic,Zone C,Obj_307,Slots,EE41,EE4101
SlotMachine_409,Classic,Zone C,Obj_379,Slots,EE38,EE3802
SlotMachine_410,Classic,Zone C,Obj_381,Slots,EE38,EE3803
SlotMachine_411,Classic,Zone C,Obj_308,Slots,EE41,EE4102
SlotMachine_412,Classic,Zone C,Obj_360,Slots,EE34,EE3401
SlotMachine_413,Classic,Zone C,Obj_366,Slots,EE39,EE3901
SlotMachine_414,Classic,Zone C,Obj_367,Slots,EE39,EE3902
SlotMachine_415,Classic,Zone C,Obj_311,Slots,EE41,EE4103
SlotMachine_416,Classic,Zone C,Obj_312,Slots,EE41,EE4104
SlotMachine_417,Classic,Zone C,Obj_316,Slots,EE41,EE4105
SlotMachine_418,Classic,Zone C,Obj_317,Slots,EE41,EE4106
SlotMachine_419,Classic,Zone C,Obj_373,Slots,EE39,EE3903
SlotMachine_420,Classic,Zone C,Obj_320,Slots,EE41,EE4107
SlotMachine_421,Classic,Zone C,Obj_321,Slots,EE41,EE4108
SlotMachine_422,Classic,Zone C,Obj_324,Slots,EE41,EE4109
SlotMachine_423,Classic,Zone C,Obj_327,Slots,EE36,EE3601
SlotMachine_424,Classic,Zone C,Obj_328,Slots,EE36,EE3602
SlotMachine_425,Classic,Zone C,Obj_335,Slots,EE36,EE3603
SlotMachine_426,Classic,Zone C,Obj_340,Slots,EE35,EE3501
SlotMachine_427,Classic,Zone C,Obj_341,Slots,EE35,EE3502
SlotMachine_428,Classic,Zone C,Obj_349,Slots,EE35,EE3503
SlotMachine_429,Classic,Zone C,Obj_352,Slots,EE34,EE3402
SlotMachine_430,Classic,Zone C,Obj_357,Slots,EE34,EE3403
SlotMachine_431,Classic,Zone C,Obj_362,Slots,EE39,EE3904
SlotMachine_432,Classic,Zone C,Obj_363,Slots,EE39,EE3905
SlotMachine_433,Classic,Zone C,Obj_371,Slots,EE39,EE3906
SlotMachine_434,Classic,Zone C,Obj_375,Slots,EE38,EE3804
SlotMachine_435,Classic,Zone C,Obj_376,Slots,EE38,EE3805
SlotMachine_436,Classic,Zone C,Obj_384,Slots,EE38,EE3806
SlotMachine_437,Classic,Zone C,Obj_388,Slots,EE37,EE3704
SlotMachine_438,Classic,Zone C,Obj_389,Slots,EE37,EE3705
SlotMachine_439,Classic,Zone C,Obj_397,Slots,EE37,EE3706
SlotMachine_440,Classic,Zone C,Obj_401,Slots,EE40,EE4004
SlotMachine_441,Classic,Zone C,Obj_403,Slots,EE40,EE4005
SlotMachine_442,Classic,Zone C,Obj_331,Slots,EE36,EE3604
SlotMachine_443,Classic,Zone C,Obj_332,Slots,EE36,EE3605
SlotMachine_444,Classic,Zone C,Obj_338,Slots,EE36,EE3606
SlotMachine_445,Classic,Zone C,Obj_344,Slots,EE35,EE3504
SlotMachine_446,Classic,Zone C,Obj_345,Slots,EE35,EE3505
SlotMachine_447,Classic,Zone C,Obj_351,Slots,EE35,EE3506
SlotMachine_448,Classic,Zone C,Obj_354,Slots,EE34,EE3404
SlotMachine_449,Classic,Zone D,Obj_1525,Slots,DD20,DD2001
SlotMachine_450,Classic,Zone D,Obj_1526,Slots,DD20,DD2002
SlotMachine_451,Classic,Zone D,Obj_1529,Slots,DD20,DD2003
SlotMachine_452,Classic,Zone D,Obj_1530,Slots,DD20,DD2004
SlotMachine_453,Classic,Zone D,Obj_1533,Slots,DD20,DD2005
SlotMachine_454,Classic,Zone D,Obj_1534,Slots,DD20,DD2006
SlotMachine_455,Classic,Zone D,Obj_1549,Slots,DD20,DD2007
SlotMachine_456,Classic,Zone D,Obj_1550,Slots,DD20,DD2008
SlotMachine_457,Classic,Zone D,Obj_1555,Slots,DD21,DD2101
SlotMachine_458,Classic,Zone D,Obj_1556,Slots,DD21,DD2102
SlotMachine_459,Classic,Zone D,Obj_1559,Slots,DD21,DD2103
SlotMachine_460,Classic,Zone D,Obj_1560,Slots,DD21,DD2104
SlotMachine_461,Classic,Zone D,Obj_1563,Slots,DD21,DD2105
SlotMachine_462,Classic,Zone D,Obj_1564,Slots,DD21,DD2106
SlotMachine_463,Classic,Zone D,Obj_1579,Slots,DD21,DD2107
SlotMachine_464,Classic,Zone D,Obj_1580,Slots,DD21,DD2108
SlotMachine_465,Classic,Zone D,Obj_1587,Slots,DD22,DD2201
SlotMachine_466,Classic,Zone D,Obj_1588,Slots,DD22,DD2202
SlotMachine_467,Classic,Zone D,Obj_1591,Slots,DD22,DD2203
SlotMachine_468,Classic,Zone D,Obj_1592,Slots,DD22,DD2204
SlotMachine_469,Classic,Zone D,Obj_1595,Slots,DD22,DD2205
SlotMachine_470,Classic,Zone D,Obj_1596,Slots,DD22,DD2206
SlotMachine_471,Classic,Zone D,Obj_1611,Slots,DD22,DD2207
SlotMachine_472,Classic,Zone D,Obj_1612,Slots,DD22,DD2208
SlotMachine_473,Classic,Zone D,Obj_1619,Slots,DD23,DD2301
SlotMachine_474,Classic,Zone D,Obj_1620,Slots,DD23,DD2302
SlotMachine_475,Classic,Zone D,Obj_1623,Slots,DD23,DD2303
SlotMachine_476,Classic,Zone D,Obj_1624,Slots,DD23,DD2304
SlotMachine_477,Classic,Zone D,Obj_1627,Slots,DD23,DD2305
SlotMachine_478,Classic,Zone D,Obj_1628,Slots,DD23,DD2306
SlotMachine_479,Classic,Zone D,Obj_1643,Slots,DD23,DD2307
SlotMachine_480,Classic,Zone D,Obj_1649,Slots,DD24,DD2403
SlotMachine_481,Classic,Zone D,Obj_1650,Slots,DD24,DD2404
SlotMachine_482,Classic,Zone D,Obj_1653,Slots,DD24,DD2405
SlotMachine_483,Classic,Zone D,Obj_1654,Slots,DD24,DD2406
SlotMachine_484,Classic,Zone D,Obj_1665,Slots,DD24,DD2407
SlotMachine_485,Classic,Zone D,Obj_1666,Slots,DD24,DD2408
SlotMachine_486,Classic,Zone D,Obj_1537,Slots,DD20,DD2009
SlotMachine_487,Classic,Zone D,Obj_1538,Slots,DD20,DD2010
SlotMachine_488,Classic,Zone D,Obj_1541,Slots,DD20,DD2011
SlotMachine_489,Classic,Zone D,Obj_1542,Slots,DD20,DD2012
SlotMachine_490,Classic,Zone D,Obj_1545,Slots,DD20,DD2013
SlotMachine_491,Classic,Zone D,Obj_1546,Slots,DD20,DD2014
SlotMachine_492,Classic,Zone D,Obj_1553,Slots,DD20,DD2015
SlotMachine_493,Classic,Zone D,Obj_1567,Slots,DD21,DD2109
SlotMachine_494,Classic,Zone D,Obj_1568,Slots,DD21,DD2110
SlotMachine_495,Classic,Zone D,Obj_1571,Slots,DD21,DD2111
SlotMachine_496,Classic,Zone D,Obj_1572,Slots,DD21,DD2112
SlotMachine_497,Classic,Zone D,Obj_1575,Slots,DD21,DD2113
SlotMachine_498,Classic,Zone D,Obj_1576,Slots,DD21,DD2114
SlotMachine_499,Classic,Zone D,Obj_1583,Slots,DD21,DD2115
SlotMachine_500,Classic,Zone D,Obj_1585,Slots,DD21,DD2116
SlotMachine_501,Classic,Zone D,Obj_1599,Slots,DD22,DD2209
SlotMachine_502,Classic,Zone D,Obj_1600,Slots,DD22,DD2210
SlotMachine_503,Classic,Zone D,Obj_1603,Slots,DD22,DD2211
SlotMachine_504,Classic,Zone D,Obj_1604,Slots,DD22,DD2212
SlotMachine_505,Classic,Zone D,Obj_1607,Slots,DD22,DD2213
SlotMachine_506,Classic,Zone D,Obj_1608,Slots,DD22,DD2214
SlotMachine_507,Classic,Zone D,Obj_1615,Slots,DD22,DD2215
SlotMachine_508,Classic,Zone D,Obj_1617,Slots,DD22,DD2216
SlotMachine_509,Classic,Zone D,Obj_1631,Slots,DD23,DD2308
SlotMachine_510,Classic,Zone D,Obj_1632,Slots,DD23,DD2309
SlotMachine_511,Classic,Zone D,Obj_1635,Slots,DD23,DD2310
SlotMachine_512,Classic,Zone D,Obj_1636,Slots,DD23,DD2311
SlotMachine_513,Classic,Zone D,Obj_1639,Slots,DD23,DD2312
SlotMachine_514,Classic,Zone D,Obj_1640,Slots,DD23,DD2313
SlotMachine_515,Classic,Zone D,Obj_1645,Slots,DD23,DD2314
SlotMachine_516,Classic,Zone D,Obj_1647,Slots,DD23,DD2315
SlotMachine_517,Classic,Zone D,Obj_1657,Slots,DD24,DD2409
SlotMachine_518,Classic,Zone D,Obj_1658,Slots,DD24,DD2410
SlotMachine_519,Classic,Zone D,Obj_1661,Slots,DD24,DD2411
SlotMachine_520,Classic,Zone D,Obj_1662,Slots,DD24,DD2412
SlotMachine_521,Classic,Zone D,Obj_1669,Slots,DD24,DD2413
SlotMachine_522,Classic,Zone D,Obj_1671,Slots,DD24,DD2414
SlotMachine_523,Round Banks,Zone D,Obj_962,Slots,DD19,DD1901
SlotMachine_524,Round Banks,Zone D,Obj_965,Slots,DD19,DD1902
SlotMachine_525,Round Banks,Zone D,Obj_967,Slots,DD19,DD1903
SlotMachine_526,Round Banks,Zone D,Obj_969,Slots,DD19,DD1904
SlotMachine_527,Classic,Zone E,Obj_1049,Slots,DD02,DD0201
SlotMachine_528,Classic,Zone E,Obj_1050,Slots,DD02,DD0202
SlotMachine_529,Classic,Zone E,Obj_1054,Slots,DD02,DD0203
SlotMachine_530,Classic,Zone E,Obj_1055,Slots,DD02,DD0204
SlotMachine_531,Classic,Zone E,Obj_1058,Slots,DD02,DD0205
SlotMachine_532,Classic,Zone E,Obj_1059,Slots,DD02,DD0206
SlotMachine_533,Classic,Zone E,Obj_1063,Slots,DD02,DD0207
SlotMachine_534,Classic,Zone E,Obj_1064,Slots,DD02,DD0208
SlotMachine_535,Classic,Zone E,Obj_1067,Slots,DD02,DD0209
SlotMachine_536,Classic,Zone E,Obj_1068,Slots,DD02,DD0210
SlotMachine_537,Classic,Zone E,Obj_1071,Slots,DD02,DD0211
SlotMachine_538,Classic,Zone E,Obj_1072,Slots,DD02,DD0212
SlotMachine_539,Classic,Zone E,Obj_1075,Slots,DD02,DD0213
SlotMachine_540,Classic,Zone E,Obj_1078,Slots,DD02,DD0214
SlotMachine_541,Classic,Zone E,Obj_1079,Slots,DD02,DD0215
SlotMachine_542,Classic,Zone E,Obj_1403,Slots,DD06,DD0601
SlotMachine_543,Classic,Zone E,Obj_1414,Slots,DD06,DD0602
SlotMachine_544,Classic,Zone E,Obj_1421,Slots,DD06,DD0603
SlotMachine_545,Classic,Zone E,Obj_1422,Slots,DD06,DD0604
SlotMachine_546,Classic,Zone E,Obj_1425,Slots,DD06,DD0605
SlotMachine_547,Classic,Zone E,Obj_1426,Slots,DD06,DD0606
SlotMachine_548,Classic,Zone E,Obj_1434,Slots,DD08,DD0801
SlotMachine_549,Classic,Zone E,Obj_1437,Slots,DD08,DD0802
SlotMachine_550,Classic,Zone E,Obj_1438,Slots,DD08,DD0803
SlotMachine_551,Classic,Zone E,Obj_1465,Slots,DD07,DD0701
SlotMachine_552,Classic,Zone E,Obj_1466,Slots,DD07,DD0702
SlotMachine_553,Classic,Zone E,Obj_1469,Slots,DD07,DD0703
SlotMachine_554,Classic,Zone E,Obj_1470,Slots,DD07,DD0704
SlotMachine_555,Classic,Zone E,Obj_1473,Slots,DD07,DD0705
SlotMachine_556,Classic,Zone E,Obj_1474,Slots,DD07,DD0706
SlotMachine_557,Classic,Zone E,Obj_1489,Slots,DD09,DD0901
SlotMachine_558,Classic,Zone E,Obj_1490,Slots,DD09,DD0902
SlotMachine_559,Classic,Zone E,Obj_1493,Slots,DD09,DD0903
SlotMachine_560,Classic,Zone E,Obj_1494,Slots,DD09,DD0904
SlotMachine_561,Classic,Zone E,Obj_1497,Slots,DD09,DD0905
SlotMachine_562,Classic,Zone E,Obj_1498,Slots,DD09,DD0906
SlotMachine_563,Classic,Zone E,Obj_1513,Slots,DD10,DD1001
SlotMachine_564,Classic,Zone E,Obj_1514,Slots,DD10,DD1002
SlotMachine_565,Classic,Zone E,Obj_1517,Slots,DD10,DD1003
SlotMachine_566,Classic,Zone E,Obj_1518,Slots,DD10,DD1004
SlotMachine_567,Classic,Zone E,Obj_1521,Slots,DD10,DD1005
SlotMachine_568,Classic,Zone E,Obj_1522,Slots,DD10,DD1006
SlotMachine_569,Classic,Zone E,Obj_1271,Slots,DD06,DD0607
SlotMachine_570,Classic,Zone E,Obj_1282,Slots,DD06,DD0608
SlotMachine_571,Classic,Zone E,Obj_1315,Slots,DD06,DD0609
SlotMachine_572,Classic,Zone E,Obj_1326,Slots,DD06,DD0610
SlotMachine_573,Classic,Zone E,Obj_1359,Slots,DD06,DD0611
SlotMachine_574,Classic,Zone E,Obj_1370,Slots,DD06,DD0612
SlotMachine_575,Classic,Zone E,Obj_1428,Slots,DD08,DD0804
SlotMachine_576,Classic,Zone E,Obj_1431,Slots,DD08,DD0805
SlotMachine_577,Classic,Zone E,Obj_1432,Slots,DD08,DD0806
SlotMachine_578,Classic,Zone E,Obj_1453,Slots,DD07,DD0707
SlotMachine_579,Classic,Zone E,Obj_1454,Slots,DD07,DD0708
SlotMachine_580,Classic,Zone E,Obj_1457,Slots,DD07,DD0709
SlotMachine_581,Classic,Zone E,Obj_1458,Slots,DD07,DD0710
SlotMachine_582,Classic,Zone E,Obj_1461,Slots,DD07,DD0711
SlotMachine_583,Classic,Zone E,Obj_1462,Slots,DD07,DD0712
SlotMachine_584,Classic,Zone E,Obj_1477,Slots,DD09,DD0907
SlotMachine_585,Classic,Zone E,Obj_1478,Slots,DD09,DD0908
SlotMachine_586,Classic,Zone E,Obj_1481,Slots,DD09,DD0909
SlotMachine_587,Classic,Zone E,Obj_1482,Slots,DD09,DD0910
SlotMachine_588,Classic,Zone E,Obj_1485,Slots,DD09,DD0911
SlotMachine_589,Classic,Zone E,Obj_1486,Slots,DD09,DD0912
SlotMachine_590,Classic,Zone E,Obj_1501,Slots,DD10,DD1007
SlotMachine_591,Classic,Zone E,Obj_1502,Slots,DD10,DD1008
SlotMachine_592,Classic,Zone E,Obj_1505,Slots,DD10,DD1009
SlotMachine_593,Classic,Zone E,Obj_1506,Slots,DD10,DD1010
SlotMachine_594,Classic,Zone E,Obj_1509,Slots,DD10,DD1011
SlotMachine_595,Classic,Zone E,Obj_1510,Slots,DD10,DD1012
SlotMachine_596,Classic,Zone E,Obj_1108,Slots,DD01,DD0101
SlotMachine_597,Classic,Zone E,Obj_1111,Slots,DD01,DD0102
SlotMachine_598,Classic,Zone E,Obj_1112,Slots,DD01,DD0103
SlotMachine_599,Classic,Zone E,Obj_1096,Slots,DD01,DD0104
SlotMachine_600,Classic,Zone E,Obj_1097,Slots,DD01,DD0105
SlotMachine_601,Classic,Zone E,Obj_1100,Slots,DD01,DD0106
SlotMachine_602,Classic,Zone E,Obj_1101,Slots,DD01,DD0107
SlotMachine_603,Classic,Zone E,Obj_1104,Slots,DD01,DD0108
SlotMachine_604,Classic,Zone E,Obj_1105,Slots,DD01,DD0109
SlotMachine_605,Classic,Zone E,Obj_1082,Slots,DD01,DD0110
SlotMachine_606,Classic,Zone E,Obj_1083,Slots,DD01,DD0111
SlotMachine_607,Classic,Zone E,Obj_1087,Slots,DD01,DD0112
SlotMachine_608,Classic,Zone E,Obj_1088,Slots,DD01,DD0113
SlotMachine_609,Classic,Zone E,Obj_1091,Slots,DD01,DD0114
SlotMachine_610,Classic,Zone E,Obj_1092,Slots,DD01,DD0115
SlotMachine_611,Classic,Zone E,Obj_1129,Slots,DD01,DD0116
SlotMachine_612,Classic,Zone E,Obj_1130,Slots,DD01,DD0117
SlotMachine_613,Classic,Zone E,Obj_1115,Slots,DD01,DD0118
SlotMachine_614,Classic,Zone E,Obj_1116,Slots,DD01,DD0119
SlotMachine_615,Classic,Zone E,Obj_1120,Slots,DD01,DD0120
SlotMachine_616,Classic,Zone E,Obj_1121,Slots,DD01,DD0121
SlotMachine_617,Classic,Zone E,Obj_1124,Slots,DD01,DD0122
SlotMachine_618,Classic,Zone E,Obj_1125,Slots,DD01,DD0123
SlotMachine_619,Classic,Zone E,Obj_1441,Slots,DD04,DD0401
SlotMachine_620,Classic,Zone E,Obj_1442,Slots,DD04,DD0402
SlotMachine_621,Classic,Zone E,Obj_1445,Slots,DD04,DD0403
SlotMachine_622,Classic,Zone E,Obj_1447,Slots,DD04,DD0404
SlotMachine_623,Classic,Zone E,Obj_1448,Slots,DD04,DD0405
SlotMachine_624,Classic,Zone E,Obj_1451,Slots,DD04,DD0406
SlotMachine_625,Round Banks,Zone E,Obj_943,Slots,DD03,DD0301
SlotMachine_626,Round Banks,Zone E,Obj_945,Slots,DD03,DD0302
SlotMachine_627,Round Banks,Zone E,Obj_947,Slots,DD03,DD0303
SlotMachine_628,Round Banks,Zone E,Obj_949,Slots,DD03,DD0304
SlotMachine_629,Round Banks,Zone E,Obj_953,Slots,DD05,DD0501
SlotMachine_630,Round Banks,Zone E,Obj_955,Slots,DD05,DD0502
SlotMachine_631,Round Banks,Zone E,Obj_957,Slots,DD05,DD0503
SlotMachine_632,Round Banks,Zone E,Obj_959,Slots,DD05,DD0504
SlotMachine_633,Classic,Zone F,Obj_1679,Slots,DD40,DD4001
SlotMachine_634,Classic,Zone F,Obj_1680,Slots,DD40,DD4002
SlotMachine_635,Classic,Zone F,Obj_1683,Slots,DD40,DD4003
SlotMachine_636,Classic,Zone F,Obj_1689,Slots,DD30,DD3001
SlotMachine_637,Classic,Zone F,Obj_1690,Slots,DD30,DD3002
SlotMachine_638,Classic,Zone F,Obj_1697,Slots,DD30,DD3003
SlotMachine_639,Classic,Zone F,Obj_1699,Slots,DD30,DD3004
SlotMachine_640,Classic,Zone F,Obj_1705,Slots,DD31,DD3101
SlotMachine_641,Classic,Zone F,Obj_1706,Slots,DD31,DD3102
SlotMachine_642,Classic,Zone F,Obj_1713,Slots,DD31,DD3103
SlotMachine_643,Classic,Zone F,Obj_1715,Slots,DD31,DD3104
SlotMachine_644,Classic,Zone F,Obj_1718,Slots,DD32,DD3201
SlotMachine_645,Classic,Zone F,Obj_1725,Slots,DD32,DD3202
SlotMachine_646,Classic,Zone F,Obj_1727,Slots,DD32,DD3203
SlotMachine_647,Classic,Zone F,Obj_1733,Slots,DD33,DD3301
SlotMachine_648,Classic,Zone F,Obj_1734,Slots,DD33,DD3302
SlotMachine_649,Classic,Zone F,Obj_1741,Slots,DD33,DD3303
SlotMachine_650,Classic,Zone F,Obj_1743,Slots,DD33,DD3304
SlotMachine_651,Classic,Zone F,Obj_1757,Slots,DD39,DD3901
SlotMachine_652,Classic,Zone F,Obj_1758,Slots,DD39,DD3902
SlotMachine_653,Classic,Zone F,Obj_1761,Slots,DD39,DD3903
SlotMachine_654,Classic,Zone F,Obj_1762,Slots,DD39,DD3904
SlotMachine_655,Classic,Zone F,Obj_1765,Slots,DD39,DD3905
SlotMachine_656,Classic,Zone F,Obj_1766,Slots,DD39,DD3906
SlotMachine_657,Classic,Zone F,Obj_1773,Slots,DD39,DD3907
SlotMachine_658,Classic,Zone F,Obj_1775,Slots,DD39,DD3908
SlotMachine_659,Classic,Zone F,Obj_1781,Slots,DD39,DD3909
SlotMachine_660,Classic,Zone F,Obj_1782,Slots,DD39,DD3910
SlotMachine_661,Classic,Zone F,Obj_1797,Slots,DD38,DD3801
SlotMachine_662,Classic,Zone F,Obj_1798,Slots,DD38,DD3802
SlotMachine_663,Classic,Zone F,Obj_1801,Slots,DD38,DD3803
SlotMachine_664,Classic,Zone F,Obj_1802,Slots,DD38,DD3804
SlotMachine_665,Classic,Zone F,Obj_1805,Slots,DD38,DD3805
SlotMachine_666,Classic,Zone F,Obj_1806,Slots,DD38,DD3806
SlotMachine_667,Classic,Zone F,Obj_1813,Slots,DD38,DD3807
SlotMachine_668,Classic,Zone F,Obj_1815,Slots,DD38,DD3808
SlotMachine_669,Classic,Zone F,Obj_1821,Slots,DD38,DD3809
SlotMachine_670,Classic,Zone F,Obj_1822,Slots,DD38,DD3810
SlotMachine_671,Classic,Zone F,Obj_1827,Slots,DD38,DD3811
SlotMachine_672,Classic,Zone F,Obj_1837,Slots,DD34,DD3401
SlotMachine_673,Classic,Zone F,Obj_1838,Slots,DD34,DD3402
SlotMachine_674,Classic,Zone F,Obj_1841,Slots,DD34,DD3403
SlotMachine_675,Classic,Zone F,Obj_1842,Slots,DD34,DD3404
SlotMachine_676,Classic,Zone F,Obj_1849,Slots,DD34,DD3405
SlotMachine_677,Classic,Zone F,Obj_1851,Slots,DD34,DD3406
SlotMachine_678,Classic,Zone F,Obj_1870,Slots,DD35,DD3501
SlotMachine_679,Classic,Zone F,Obj_1873,Slots,DD35,DD3502
SlotMachine_680,Classic,Zone F,Obj_1874,Slots,DD35,DD3503
SlotMachine_681,Classic,Zone F,Obj_1877,Slots,DD35,DD3504
SlotMachine_682,Classic,Zone F,Obj_1878,Slots,DD35,DD3505
SlotMachine_683,Classic,Zone F,Obj_1881,Slots,DD35,DD3506
SlotMachine_684,Classic,Zone F,Obj_1882,Slots,DD35,DD3507
SlotMachine_685,Classic,Zone F,Obj_1673,Slots,DD40,DD4004
SlotMachine_686,Classic,Zone F,Obj_1674,Slots,DD40,DD4005
SlotMachine_687,Classic,Zone F,Obj_1677,Slots,DD40,DD4006
SlotMachine_688,Classic,Zone F,Obj_1685,Slots,DD30,DD3005
SlotMachine_689,Classic,Zone F,Obj_1686,Slots,DD30,DD3006
SlotMachine_690,Classic,Zone F,Obj_1693,Slots,DD30,DD3007
SlotMachine_691,Classic,Zone F,Obj_1694,Slots,DD30,DD3008
SlotMachine_692,Classic,Zone F,Obj_1701,Slots,DD31,DD3105
SlotMachine_693,Classic,Zone F,Obj_1702,Slots,DD31,DD3106
SlotMachine_694,Classic,Zone F,Obj_1709,Slots,DD31,DD3107
SlotMachine_695,Classic,Zone F,Obj_1710,Slots,DD31,DD3108
SlotMachine_696,Classic,Zone F,Obj_1716,Slots,DD32,DD3204
SlotMachine_697,Classic,Zone F,Obj_1721,Slots,DD32,DD3205
SlotMachine_698,Classic,Zone F,Obj_1722,Slots,DD32,DD3206
SlotMachine_699,Classic,Zone F,Obj_1729,Slots,DD33,DD3305
SlotMachine_700,Classic,Zone F,Obj_1730,Slots,DD33,DD3306
SlotMachine_701,Classic,Zone F,Obj_1737,Slots,DD33,DD3307
SlotMachine_702,Classic,Zone F,Obj_1738,Slots,DD33,DD3308
SlotMachine_703,Classic,Zone F,Obj_1745,Slots,DD39,DD3911
SlotMachine_704,Classic,Zone F,Obj_1746,Slots,DD39,DD3912
SlotMachine_705,Classic,Zone F,Obj_1749,Slots,DD39,DD3913
SlotMachine_706,Classic,Zone F,Obj_1750,Slots,DD39,DD3914
SlotMachine_707,Classic,Zone F,Obj_1753,Slots,DD39,DD3915
SlotMachine_708,Classic,Zone F,Obj_1754,Slots,DD39,DD3916
SlotMachine_709,Classic,Zone F,Obj_1769,Slots,DD39,DD3917
SlotMachine_710,Classic,Zone F,Obj_1770,Slots,DD39,DD3918
SlotMachine_711,Classic,Zone F,Obj_1777,Slots,DD39,DD3919
SlotMachine_712,Classic,Zone F,Obj_1778,Slots,DD39,DD3920
SlotMachine_713,Classic,Zone F,Obj_1785,Slots,DD38,DD3812
SlotMachine_714,Classic,Zone F,Obj_1786,Slots,DD38,DD3813
SlotMachine_715,Classic,Zone F,Obj_1789,Slots,DD38,DD3814
SlotMachine_716,Classic,Zone F,Obj_1790,Slots,DD38,DD3815
SlotMachine_717,Classic,Zone F,Obj_1793,Slots,DD38,DD3816
SlotMachine_718,Classic,Zone F,Obj_1794,Slots,DD38,DD3817
SlotMachine_719,Classic,Zone F,Obj_1809,Slots,DD38,DD3818
SlotMachine_720,Classic,Zone F,Obj_1810,Slots,DD38,DD3819
SlotMachine_721,Classic,Zone F,Obj_1817,Slots,DD38,DD3820
SlotMachine_722,Classic,Zone F,Obj_1818,Slots,DD38,DD3821
SlotMachine_723,Classic,Zone F,Obj_1825,Slots,DD38,DD3822
SlotMachine_724,Classic,Zone F,Obj_1829,Slots,DD34,DD3407
SlotMachine_725,Classic,Zone F,Obj_1830,Slots,DD34,DD3408
SlotMachine_726,Classic,Zone F,Obj_1833,Slots,DD34,DD3409
SlotMachine_727,Classic,Zone F,Obj_1834,Slots,DD34,DD3410
SlotMachine_728,Classic,Zone F,Obj_1845,Slots,DD34,DD3411
SlotMachine_729,Classic,Zone F,Obj_1846,Slots,DD34,DD3412
SlotMachine_730,Classic,Zone F,Obj_1853,Slots,DD37,DD3701
SlotMachine_731,Classic,Zone F,Obj_1854,Slots,DD37,DD3702
SlotMachine_732,Classic,Zone F,Obj_1857,Slots,DD37,DD3703
SlotMachine_733,Classic,Zone F,Obj_1858,Slots,DD37,DD3704
SlotMachine_734,Classic,Zone F,Obj_1861,Slots,DD37,DD3705
SlotMachine_735,Classic,Zone F,Obj_1862,Slots,DD37,DD3706
SlotMachine_736,Classic,Zone F,Obj_1865,Slots,DD37,DD3707
SlotMachine_737,Classic,Zone F,Obj_1866,Slots,DD37,DD3708
SlotMachine_738,Classic,Zone F,Obj_1868,Slots,DD37,DD3709
SlotMachine_739,Classic,Zone F,Obj_1885,Slots,DD36,DD3601
SlotMachine_740,Classic,Zone F,Obj_1886,Slots,DD36,DD3602
SlotMachine_741,Classic,Zone F,Obj_1888,Slots,DD36,DD3603
SlotMachine_742,Classic,Zone F,Obj_1891,Slots,DD50,DD5001
SlotMachine_743,Classic,Zone F,Obj_1892,Slots,DD50,DD5002
SlotMachine_744,Classic,Zone F,Obj_1895,Slots,DD50,DD5003
SlotMachine_745,Classic,Zone F,Obj_1896,Slots,DD50,DD5004
SlotMachine_746,Classic,Zone F,Obj_1899,Slots,DD50,DD5005
SlotMachine_747,Classic,Zone F,Obj_1901,Slots,DD50,DD5006
SlotMachine_748,Classic,Zone F,Obj_1902,Slots,DD50,DD5007
SlotMachine_749,Round Banks,Zone F,Obj_1009,Slots,DD41,DD4101
SlotMachine_750,Round Banks,Zone F,Obj_1011,Slots,DD41,DD4102
SlotMachine_751,Round Banks,Zone F,Obj_1013,Slots,DD41,DD4103
SlotMachine_752,Round Banks,Zone F,Obj_1015,Slots,DD41,DD4104
